[
  {
    "id": 1,
    "anime": "Angelic Layer - Ending 1",
    "name": "\"☆the starry sky☆\" by HΛL",
    "video": "https://naedist.animemusicquiz.com/m3xju7.webm",
    "mp3": "https://naedist.animemusicquiz.com/sc66ov.mp3"
  },
  {
    "id": 2,
    "anime": "Digimon Tamers - Opening 1",
    "name": "\"The Biggest Dreamer\" by Kouji Wada",
    "video": "https://naedist.animemusicquiz.com/11r92o.webm",
    "mp3": "https://naedist.animemusicquiz.com/w7zr4v.mp3"
  },
  {
    "id": 3,
    "anime": "Digimon Tamers - Insert",
    "name": "\"SLASH!!\" by Michihiko Ohta",
    "video": "https://naedist.animemusicquiz.com/l0s4oq.webm",
    "mp3": "https://naedist.animemusicquiz.com/l61zra.mp3"
  },
  {
    "id": 4,
    "anime": "Geneshaft - Opening 1",
    "name": "\"SHAFT DRIVE\" by Akira Takasaki",
    "video": "https://naedist.animemusicquiz.com/iu9m53.webm",
    "mp3": "https://naedist.animemusicquiz.com/716wdl.mp3"
  },
  {
    "id": 5,
    "anime": "Hajime no Ippo - Opening 2",
    "name": "\"Inner Light\" by Shocking Lemon",
    "video": "https://naedist.animemusicquiz.com/dwpr31.webm",
    "mp3": "https://naedist.animemusicquiz.com/jg0jcu.mp3"
  },
  {
    "id": 6,
    "anime": "Hellsing - Opening 1",
    "name": "\"COOL† ~Logos Naki World~\" by Yasushi Ishii",
    "video": "https://naedist.animemusicquiz.com/3ia1d0.webm",
    "mp3": "https://naedist.animemusicquiz.com/znsnsa.mp3"
  },
  {
    "id": 7,
    "anime": "Hikaru no Go - Opening 1",
    "name": "\"Get Over\" by dream",
    "video": "https://naedist.animemusicquiz.com/gno1cf.webm",
    "mp3": "https://naedist.animemusicquiz.com/e6phca.mp3"
  },
  {
    "id": 8,
    "anime": "InuYasha - Ensing 2",
    "name": "\"Fukai Mori\" by Do As Infinity",
    "video": "https://naedist.animemusicquiz.com/bsj7ag.webm",
    "mp3": "https://naedist.animemusicquiz.com/1tzcg2.mp3"
  },
  {
    "id": 9,
    "anime": "Kakutou Ryouri Densetsu Bistro Recipe - Opening 1",
    "name": "\"Pride+Honoo\" by Yuta Yamazaki",
    "video": "https://naedist.animemusicquiz.com/96j9pn.webm",
    "mp3": "https://naedist.animemusicquiz.com/el28ke.mp3"
  },
  {
    "id": 10,
    "anime": "Noir - Opening 1",
    "name": "\"Coppelia no Hitsugi\" by ALI PROJECT",
    "video": "https://naedist.animemusicquiz.com/jq3vf8.webm",
    "mp3": "https://naedist.animemusicquiz.com/p6c9gy.mp3"
  },
  {
    "id": 11,
    "anime": "Project ARMS - Opening 1",
    "name": "\"FreeBird\" by NewCinema Tokage",
    "video": "https://naedist.animemusicquiz.com/mm47ky.webm",
    "mp3": "https://naedist.animemusicquiz.com/yjxk1j.mp3"
  },
  {
    "id": 12,
    "anime": "Shaman King - Opening 1",
    "name": "\"Over Soul\" by Megumi Hayashibara",
    "video": "https://naedist.animemusicquiz.com/lxgxus.webm",
    "mp3": "https://naedist.animemusicquiz.com/600awe.mp3"
  },
  {
    "id": 13,
    "anime": "The SoulTaker - Opening 1",
    "name": "\"SOULTAKER\" by JAM Project",
    "video": "https://naedist.animemusicquiz.com/xjyen1.webm",
    "mp3": "https://naedist.animemusicquiz.com/l9vk1v.mp3"
  },
  {
    "id": 14,
    "anime": "Initial D: Extra Stage - Insert",
    "name": "\"Aoi Kaze no Naka de\" by Michiko Neya",
    "video": "https://naedist.animemusicquiz.com/g2v8x9.webm",
    "mp3": "https://naedist.animemusicquiz.com/kmjpk5.mp3"
  },
  {
    "id": 15,
    "anime": "Initial D: Third Stage - Insert",
    "name": "\"STREET OF FIRE\" by DAVE Mc LOUD",
    "video": "https://naedist.animemusicquiz.com/5yifrh.webm",
    "mp3": "https://naedist.animemusicquiz.com/vo88j0.mp3"
  },
  {
    "id": 16,
    "anime": "Final Fantasy: Unlimited - Ending 1",
    "name": "\"VIVID\" by FAIRY FORE",
    "video": "https://naedist.animemusicquiz.com/pntmx3.webm",
    "mp3": "https://naedist.animemusicquiz.com/omsmek.mp3"
  },
  {
    "id": 17,
    "anime": "s-CRY-ed - Ending 1",
    "name": "\"Drastic my soul\" by Mikio Sakai",
    "video": "https://naedist.animemusicquiz.com/3sv7mv.webm",
    "mp3": "https://naedist.animemusicquiz.com/dvjevu.mp3"
  },
  {
    "id": 18,
    "anime": "Vandread: The Second Stage - Opening 1",
    "name": "\"JUSTICE\" by Aki Kudo",
    "video": "https://naedist.animemusicquiz.com/japuiv.webm",
    "mp3": "https://naedist.animemusicquiz.com/9c3yxi.mp3"
  }
]
